Date,Time,File,Component,Change_Type,Description,Status
2026-08-09,17:30,MainWindow.qml,toolDrawer,Layout,Dialog responsive: 80% parent, min 900x650, max 80%x80% - replaces fixed 900x650,Done
2026-08-09,17:30,MainWindow.qml,toolDrawerToolbar,Layout,Set height=0, visible=false - header moved to AppSettings.qml,Done
2026-08-09,17:30,MainWindow.qml,toolDrawerLoader,Layout,Anchors: fill parent (not top: toolbar.bottom) - proper full coverage,Done
2026-08-09,17:30,AppSettings.qml,Root,Layout,Switch from Rectangle+anchors to Item+RowLayout - full responsive,Done
2026-08-09,17:30,AppSettings.qml,Header,Layout,RowLayout with Settings title (left) + Close button (right) - no overlay,Done
2026-08-09,17:30,AppSettings.qml,CloseButton,Layout,Layout.preferredWidth:90, Height:36 - consistent sizing,Done
2026-08-09,17:30,AppSettings.qml,Sidebar,Layout,Layout.preferredWidth: Math.min(280, parent.width*0.32) - responsive max 280px,Done
2026-08-09,17:30,AppSettings.qml,SearchField,Layout,Layout.preferredHeight:36, font.pointSize:13 - consistent sizing,Done
2026-08-09,17:30,AppSettings.qml,MenuItems,Layout,SettingsButton Layout.preferredHeight:40 - uniform row height,Done
2026-08-09,17:30,AppSettings.qml,SectionItems,Layout,Button Layout.preferredHeight:36, leftPadding:24 - indented sub-items,Done
2026-08-09,17:30,AppSettings.qml,Divider,Layout,1px vertical divider between sidebar and content,Done
2026-08-09,17:30,AppSettings.qml,ContentArea,Layout,Wrapped in ScrollView - handles overflow/scroll for long pages,Done
2026-08-09,17:30,AppSettings.qml,All Components,Styling,Font sizes: Title 18px, Menu 13px, Button 12px - standardized,Done
2026-08-09,17:30,AppSettings.qml,All Components,Spacing,_horizontalMargin:16, _verticalMargin:12, _headerHeight:48 - consistent spacing,Done
